userId,username,password
1,user1,pass
2,user2,pass
3,user3,pass
4,user4,pass
5,user5,pass
6,user6,pass
7,user7,pass
8,user8,pass
9,user9,pass
10,user10,pass
11,user11,pass
12,user12,pass
13,user13,pass
14,user14,pass
15,user15,pass
16,user16,pass
17,user17,pass
18,user18,pass
19,user19,pass
20,user20,pass
21,user21,pass
22,user22,pass
23,user23,pass
24,user24,pass
25,user25,pass
26,user26,pass
27,user27,pass
28,user28,pass
29,user29,pass
30,user30,pass
31,user31,pass
32,user32,pass
33,user33,pass
34,user34,pass
35,user35,pass
36,user36,pass
37,user37,pass
38,user38,pass
39,user39,pass
40,user40,pass
41,user41,pass
42,user42,pass
43,user43,pass
44,user44,pass
45,user45,pass
46,user46,pass
47,user47,pass
48,user48,pass
49,user49,pass
50,user50,pass
51,user51,pass
52,user52,pass
53,user53,pass
54,user54,pass
55,user55,pass
56,user56,pass
57,user57,pass
58,user58,pass
59,user59,pass
60,user60,pass
61,user61,pass
62,user62,pass
63,user63,pass
64,user64,pass
65,user65,pass
66,user66,pass
67,user67,pass
68,user68,pass
69,user69,pass
70,user70,pass
71,user71,pass
72,user72,pass
73,user73,pass
74,user74,pass
75,user75,pass
76,user76,pass
77,user77,pass
78,user78,pass
79,user79,pass
80,user80,pass
81,user81,pass
82,user82,pass
83,user83,pass
84,user84,pass
85,user85,pass
86,user86,pass
87,user87,pass
88,user88,pass
89,user89,pass
90,user90,pass
91,user91,pass
92,user92,pass
93,user93,pass
94,user94,pass
95,user95,pass
96,user96,pass
97,user97,pass
98,user98,pass
99,user99,pass
100,user100,pass
101,user101,pass
102,user102,pass
103,user103,pass
104,user104,pass
105,user105,pass
106,user106,pass
107,user107,pass
108,user108,pass
109,user109,pass
110,user110,pass
111,user111,pass
112,user112,pass
113,user113,pass
114,user114,pass
115,user115,pass
116,user116,pass
117,user117,pass
118,user118,pass
119,user119,pass
120,user120,pass
121,user121,pass
122,user122,pass
123,user123,pass
124,user124,pass
125,user125,pass
126,user126,pass
127,user127,pass
128,user128,pass
129,user129,pass
130,user130,pass
131,user131,pass
132,user132,pass
133,user133,pass
134,user134,pass
135,user135,pass
136,user136,pass
137,user137,pass
138,user138,pass
139,user139,pass
140,user140,pass
141,user141,pass
142,user142,pass
143,user143,pass
144,user144,pass
145,user145,pass
146,user146,pass
147,user147,pass
148,user148,pass
149,user149,pass
150,user150,pass
151,user151,pass
152,user152,pass
153,user153,pass
154,user154,pass
155,user155,pass
156,user156,pass
157,user157,pass
158,user158,pass
159,user159,pass
160,user160,pass
161,user161,pass
162,user162,pass
163,user163,pass
164,user164,pass
165,user165,pass
166,user166,pass
167,user167,pass
168,user168,pass
169,user169,pass
170,user170,pass
171,user171,pass
172,user172,pass
173,user173,pass
174,user174,pass
175,user175,pass
176,user176,pass
177,user177,pass
178,user178,pass
179,user179,pass
180,user180,pass
181,user181,pass
182,user182,pass
183,user183,pass
184,user184,pass
185,user185,pass
186,user186,pass
187,user187,pass
188,user188,pass
189,user189,pass
190,user190,pass
191,user191,pass
192,user192,pass
193,user193,pass
194,user194,pass
195,user195,pass
196,user196,pass
197,user197,pass
198,user198,pass
199,user199,pass
200,user200,pass
201,user201,pass
202,user202,pass
203,user203,pass
204,user204,pass
205,user205,pass
206,user206,pass
207,user207,pass
208,user208,pass
209,user209,pass
210,user210,pass
211,user211,pass
212,user212,pass
213,user213,pass
214,user214,pass
215,user215,pass
216,user216,pass
217,user217,pass
218,user218,pass
219,user219,pass
220,user220,pass
221,user221,pass
222,user222,pass
223,user223,pass
224,user224,pass
225,user225,pass
226,user226,pass
227,user227,pass
228,user228,pass
229,user229,pass
230,user230,pass
231,user231,pass
232,user232,pass
233,user233,pass
234,user234,pass
235,user235,pass
236,user236,pass
237,user237,pass
238,user238,pass
239,user239,pass
240,user240,pass
241,user241,pass
242,user242,pass
243,user243,pass
244,user244,pass
245,user245,pass
246,user246,pass
247,user247,pass
248,user248,pass
249,user249,pass
250,user250,pass
251,user251,pass
252,user252,pass
253,user253,pass
254,user254,pass
255,user255,pass
256,user256,pass
257,user257,pass
258,user258,pass
259,user259,pass
260,user260,pass
261,user261,pass
262,user262,pass
263,user263,pass
264,user264,pass
265,user265,pass
266,user266,pass
267,user267,pass
268,user268,pass
269,user269,pass
270,user270,pass
271,user271,pass
272,user272,pass
273,user273,pass
274,user274,pass
275,user275,pass
276,user276,pass
277,user277,pass
278,user278,pass
279,user279,pass
280,user280,pass
281,user281,pass
282,user282,pass
283,user283,pass
284,user284,pass
285,user285,pass
286,user286,pass
287,user287,pass
288,user288,pass
289,user289,pass
290,user290,pass
291,user291,pass
292,user292,pass
293,user293,pass
294,user294,pass
295,user295,pass
296,user296,pass
297,user297,pass
298,user298,pass
299,user299,pass
300,user300,pass
301,user301,pass
302,user302,pass
303,user303,pass
304,user304,pass
305,user305,pass
306,user306,pass
307,user307,pass
308,user308,pass
309,user309,pass
310,user310,pass
311,user311,pass
312,user312,pass
313,user313,pass
314,user314,pass
315,user315,pass
316,user316,pass
317,user317,pass
318,user318,pass
319,user319,pass
320,user320,pass
321,user321,pass
322,user322,pass
323,user323,pass
324,user324,pass
325,user325,pass
326,user326,pass
327,user327,pass
328,user328,pass
329,user329,pass
330,user330,pass
331,user331,pass
332,user332,pass
333,user333,pass
334,user334,pass
335,user335,pass
336,user336,pass
337,user337,pass
338,user338,pass
339,user339,pass
340,user340,pass
341,user341,pass
342,user342,pass
343,user343,pass
344,user344,pass
345,user345,pass
346,user346,pass
347,user347,pass
348,user348,pass
349,user349,pass
350,user350,pass
351,user351,pass
352,user352,pass
353,user353,pass
354,user354,pass
355,user355,pass
356,user356,pass
357,user357,pass
358,user358,pass
359,user359,pass
360,user360,pass
361,user361,pass
362,user362,pass
363,user363,pass
364,user364,pass
365,user365,pass
366,user366,pass
367,user367,pass
368,user368,pass
369,user369,pass
370,user370,pass
371,user371,pass
372,user372,pass
373,user373,pass
374,user374,pass
375,user375,pass
376,user376,pass
377,user377,pass
378,user378,pass
379,user379,pass
380,user380,pass
381,user381,pass
382,user382,pass
383,user383,pass
384,user384,pass
385,user385,pass
386,user386,pass
387,user387,pass
388,user388,pass
389,user389,pass
390,user390,pass
391,user391,pass
392,user392,pass
393,user393,pass
394,user394,pass
395,user395,pass
396,user396,pass
397,user397,pass
398,user398,pass
399,user399,pass
400,user400,pass
401,user401,pass
402,user402,pass
403,user403,pass
404,user404,pass
405,user405,pass
406,user406,pass
407,user407,pass
408,user408,pass
409,user409,pass
410,user410,pass
411,user411,pass
412,user412,pass
413,user413,pass
414,user414,pass
415,user415,pass
416,user416,pass
417,user417,pass
418,user418,pass
419,user419,pass
420,user420,pass
421,user421,pass
422,user422,pass
423,user423,pass
424,user424,pass
425,user425,pass
426,user426,pass
427,user427,pass
428,user428,pass
429,user429,pass
430,user430,pass
431,user431,pass
432,user432,pass
433,user433,pass
434,user434,pass
435,user435,pass
436,user436,pass
437,user437,pass
438,user438,pass
439,user439,pass
440,user440,pass
441,user441,pass
442,user442,pass
443,user443,pass
444,user444,pass
445,user445,pass
446,user446,pass
447,user447,pass
448,user448,pass
449,user449,pass
450,user450,pass
451,user451,pass
452,user452,pass
453,user453,pass
454,user454,pass
455,user455,pass
456,user456,pass
457,user457,pass
458,user458,pass
459,user459,pass
460,user460,pass
461,user461,pass
462,user462,pass
463,user463,pass
464,user464,pass
465,user465,pass
466,user466,pass
467,user467,pass
468,user468,pass
469,user469,pass
470,user470,pass
471,user471,pass
472,user472,pass
473,user473,pass
474,user474,pass
475,user475,pass
476,user476,pass
477,user477,pass
478,user478,pass
479,user479,pass
480,user480,pass
481,user481,pass
482,user482,pass
483,user483,pass
484,user484,pass
485,user485,pass
486,user486,pass
487,user487,pass
488,user488,pass
489,user489,pass
490,user490,pass
491,user491,pass
492,user492,pass
493,user493,pass
494,user494,pass
495,user495,pass
496,user496,pass
497,user497,pass
498,user498,pass
499,user499,pass
500,user500,pass
501,user501,pass
502,user502,pass
503,user503,pass
504,user504,pass
505,user505,pass
506,user506,pass
507,user507,pass
508,user508,pass
509,user509,pass
510,user510,pass
511,user511,pass
512,user512,pass
513,user513,pass
514,user514,pass
515,user515,pass
516,user516,pass
517,user517,pass
518,user518,pass
519,user519,pass
520,user520,pass
521,user521,pass
522,user522,pass
523,user523,pass
524,user524,pass
525,user525,pass
526,user526,pass
527,user527,pass
528,user528,pass
529,user529,pass
530,user530,pass
531,user531,pass
532,user532,pass
533,user533,pass
534,user534,pass
535,user535,pass
536,user536,pass
537,user537,pass
538,user538,pass
539,user539,pass
540,user540,pass
541,user541,pass
542,user542,pass
543,user543,pass
544,user544,pass
545,user545,pass
546,user546,pass
547,user547,pass
548,user548,pass
549,user549,pass
550,user550,pass
551,user551,pass
552,user552,pass
553,user553,pass
554,user554,pass
555,user555,pass
556,user556,pass
557,user557,pass
558,user558,pass
559,user559,pass
560,user560,pass
561,user561,pass
562,user562,pass
563,user563,pass
564,user564,pass
565,user565,pass
566,user566,pass
567,user567,pass
568,user568,pass
569,user569,pass
570,user570,pass
571,user571,pass
572,user572,pass
573,user573,pass
574,user574,pass
575,user575,pass
576,user576,pass
577,user577,pass
578,user578,pass
579,user579,pass
580,user580,pass
581,user581,pass
582,user582,pass
583,user583,pass
584,user584,pass
585,user585,pass
586,user586,pass
587,user587,pass
588,user588,pass
589,user589,pass
590,user590,pass
591,user591,pass
592,user592,pass
593,user593,pass
594,user594,pass
595,user595,pass
596,user596,pass
597,user597,pass
598,user598,pass
599,user599,pass
600,user600,pass
601,user601,pass
602,user602,pass
603,user603,pass
604,user604,pass
605,user605,pass
606,user606,pass
607,user607,pass
608,user608,pass
609,user609,pass
610,user610,pass
